epoch,train_loss,train_mse,train_ade,val_mse,val_ade,val_acc@0.5,val_acc@1.0,val_acc@2.0,val_acc@4.0
1,0.8132642225839606,8.605557441711426,3.6554129123687744,7.576455593109131,3.4167680740356445,0.0221826933138014,0.07010568169927801,0.25478706707125665,0.647692790624673
2,0.4306990226999444,5.478941917419434,2.509553909301758,3.8535244464874268,2.092912435531616,0.15904572564612326,0.27393533535628334,0.567228209689233,0.895992466255101
3,0.35778116082670675,4.975468635559082,2.2890677452087402,3.0038959980010986,1.7506071329116821,0.19116877681280736,0.3272993617243905,0.7112064455373025,0.935649262320812
4,0.32614776173337773,4.54860258102417,2.06734037399292,2.254387617111206,1.3788883686065674,0.2485089463220676,0.5006801297478288,0.8389662027833003,0.952286282306163
5,0.3041770902290866,4.324138641357422,1.9539706707000732,1.9688615798950195,1.218640923500061,0.2946531338286073,0.572355341634404,0.8883540860102542,0.9562624254473161
6,0.2898941377353905,4.133976936340332,1.8659454584121704,1.839004635810852,1.1235870122909546,0.3448780998221199,0.6303233232185832,0.9050957413414251,0.9599246625510097
7,0.2747885320910174,3.878192663192749,1.7630342245101929,1.7629011869430542,1.0640708208084106,0.37940776394265985,0.6614000209270692,0.9146175578110286,0.9627498168881448
8,0.25734879091307894,3.6330251693725586,1.6775600910186768,1.7082092761993408,1.036655306816101,0.3756408914931464,0.6635973631892853,0.9217327613267762,0.9686093962540546
9,0.24024806167948898,3.4316141605377197,1.5867072343826294,1.669281244277954,1.0254217386245728,0.3670607931359213,0.6640159045725647,0.9276969760385058,0.9728994454326672
10,0.22645375443928278,3.2918455600738525,1.4632750749588013,1.6310548782348633,0.9770147800445557,0.3756408914931464,0.71267134037878,0.9349168149000733,0.974678246311604
11,0.21698371713879097,3.220799207687378,1.4050636291503906,1.6230050325393677,0.9658214449882507,0.395416971853092,0.7043005127131945,0.9366956157790102,0.9747828816574239
12,0.21232440541336192,3.187925338745117,1.3744616508483887,1.6220250129699707,0.9649040102958679,0.38003557601757876,0.7257507586062572,0.9381605106204876,0.9744689756199644
13,0.20948939121777738,3.15194034576416,1.3496438264846802,1.6003942489624023,0.9403252601623535,0.403473893481218,0.727006382756095,0.9397300408077849,0.9744689756199644
14,0.20774369045573088,3.1160972118377686,1.3331971168518066,1.5944337844848633,0.93178391456604,0.40640368316417286,0.7368421052631579,0.9398346761536047,0.9737365281992257
15,0.20490677258120246,3.081989288330078,1.3541209697723389,1.6162899732589722,0.9728483557701111,0.3784660458302815,0.7232395103065815,0.9364863450873705,0.9732133514701267
16,0.20254331048744828,3.0351362228393555,1.346112847328186,1.5931036472320557,0.9517931342124939,0.42324997384116353,0.704614418750654,0.9371141571622894,0.9739457988908653
17,0.1984489255061197,2.9742441177368164,1.3137578964233398,1.571533441543579,0.936206579208374,0.39353353562833526,0.7526420424819504,0.9372187925081092,0.9734226221617662
18,0.19476843250924675,2.9129371643066406,1.3078978061676025,1.5513145923614502,0.9335697293281555,0.40755467196819084,0.7378884587213561,0.9393114994245056,0.9739457988908653
19,0.19188000758488974,2.8714678287506104,1.2950423955917358,1.521502137184143,0.9138961434364319,0.4271214816364968,0.7510725122946531,0.9408810296118029,0.9740504342366851
20,0.18873746189015422,2.839110851287842,1.2863316535949707,1.5192687511444092,0.9122694134712219,0.3949984304698127,0.7644658365595899,0.9409856649576227,0.9738411635450455
21,0.1864979517326426,2.7986583709716797,1.2833929061889648,1.4918787479400635,0.9027499556541443,0.43486449722716336,0.7524327717903108,0.9424505597991001,0.9737365281992257
22,0.18448523798985267,2.770242214202881,1.2859443426132202,1.4849555492401123,0.9091430902481079,0.44145652401381186,0.740818248404311,0.9426598304907398,0.9736318928534059
23,0.18233175805552088,2.731428623199463,1.2454057931900024,1.4622591733932495,0.8723991513252258,0.42691221094485715,0.7788008789369049,0.9441247253322173,0.9734226221617662
24,0.18080043399808418,2.703561782836914,1.2525020837783813,1.4384698867797852,0.872217059135437,0.4661504656272889,0.7718949461127969,0.9439154546405776,0.9736318928534059
25,0.17863555026439884,2.676922082901001,1.2318042516708374,1.4159700870513916,0.849448561668396,0.4818457675002616,0.7946008161556974,0.9454849848278749,0.9737365281992257
26,0.1771000274526539,2.6462385654449463,1.216658115386963,1.413832664489746,0.836074709892273,0.47954378989222557,0.7980537825677514,0.9459035262111541,0.9735272575075861
27,0.17522047567575133,2.6208832263946533,1.2058666944503784,1.3927451372146606,0.8269270062446594,0.48697289944543265,0.8003557601757874,0.9482055038191901,0.9735272575075861
28,0.17418937236811985,2.596855640411377,1.196723222732544,1.380445957183838,0.8129917979240417,0.5061211677304593,0.808621952495553,0.9479962331275504,0.9733179868159464
29,0.1726772998695943,2.577378988265991,1.1803922653198242,1.3585147857666016,0.7946127653121948,0.5253740713613059,0.8197132991524537,0.9494611279690279,0.9732133514701267
30,0.17120067193288707,2.556097984313965,1.1811764240264893,1.357312560081482,0.7949696183204651,0.5295594851940986,0.8177252275818772,0.947682327090091,0.973004080778487
31,0.17024851987017922,2.5662178993225098,1.212141752243042,1.3523205518722534,0.8346144556999207,0.5002615883645496,0.8153186146280214,0.9487286805482892,0.9737365281992257
32,0.1690287369104167,2.5227270126342773,1.1562325954437256,1.3368438482284546,0.7766029238700867,0.5466150465627289,0.834466882913048,0.9498796693523072,0.973004080778487
33,0.1680425185691658,2.501312017440796,1.1346393823623657,1.3129708766937256,0.7515168786048889,0.5680652924557915,0.8450350528408497,0.9505074814272261,0.9733179868159464
34,0.16718180270040806,2.4921457767486572,1.1557210683822632,1.3091421127319336,0.7786553502082825,0.5464057758710893,0.8364549544836246,0.9500889400439468,0.9735272575075861
35,0.16607552425778327,2.4726760387420654,1.1318349838256836,1.2933433055877686,0.7542837262153625,0.5784241916919536,0.8477555718321649,0.9510306581563253,0.9734226221617662
36,0.16474021997173033,2.454720973968506,1.129154086112976,1.2930727005004883,0.7459021806716919,0.5700533640263681,0.8392801088207597,0.9510306581563253,0.9737365281992257
37,0.1639996615437726,2.441631317138672,1.1104825735092163,1.2802778482437134,0.7206727862358093,0.6008161556973945,0.8523595270482369,0.9515538348854243,0.9734226221617662
38,0.16356014590061718,2.426645517349243,1.1014769077301025,1.275309443473816,0.7211408615112305,0.5973631892853406,0.8524641623940568,0.9517631055770639,0.9732133514701267
39,0.16283303491808288,2.415236234664917,1.1017216444015503,1.26717209815979,0.7123315930366516,0.609814795437899,0.8556032227686513,0.9518677409228837,0.9732133514701267
40,0.16182421351694942,2.4001195430755615,1.090901255607605,1.2630000114440918,0.7164272665977478,0.6040598514178089,0.8548707753479126,0.9526001883436225,0.9735272575075861
41,0.16057861158948633,2.386404275894165,1.0873193740844727,1.2566157579421997,0.7068237066268921,0.6127445851208538,0.8582191064141467,0.951135293502145,0.9735272575075861
42,0.16000397929653007,2.3758389949798584,1.0942591428756714,1.2495568990707397,0.7150660157203674,0.601757873809773,0.854556869310453,0.9518677409228837,0.9735272575075861
43,0.1589234330835034,2.3605844974517822,1.071126103401184,1.2353124618530273,0.694817066192627,0.6371246206968714,0.8661713926964528,0.9531233650727216,0.9735272575075861
44,0.1584049873610041,2.3501710891723633,1.0636004209518433,1.2349098920822144,0.6881691217422485,0.623522025740295,0.8676362875379303,0.9527048236894423,0.9733179868159464
45,0.15757429292101172,2.3394129276275635,1.0891294479370117,1.2379868030548096,0.7191978693008423,0.6026995919221513,0.8461860416448677,0.9518677409228837,0.9740504342366851
46,0.1568248442823614,2.326636791229248,1.0718159675598145,1.228944182395935,0.705843985080719,0.6169299989536465,0.8618813435178403,0.9517631055770639,0.9740504342366851
47,0.15592304024085477,2.317192792892456,1.067981243133545,1.231046438217163,0.7021594643592834,0.6128492204666737,0.860939625405462,0.9516584702312442,0.9739457988908653
48,0.15600309880515237,2.3028624057769775,1.0513778924942017,1.2134584188461304,0.6882131099700928,0.630427958564403,0.869519723762687,0.9530187297269017,0.9738411635450455
49,0.15523812541765952,2.2910377979278564,1.057687759399414,1.2163097858428955,0.693251371383667,0.6211154127864392,0.8595793659098043,0.9523909176519828,0.9742597049283248
50,0.15386133711432937,2.2811238765716553,1.0404534339904785,1.197035551071167,0.6675489544868469,0.6618185623103484,0.8724495134456419,0.9538558124934603,0.9742597049283248
51,0.15307859327662643,2.2705078125,1.0497914552688599,1.2031267881393433,0.684364914894104,0.629904781835304,0.8617767081720205,0.9530187297269017,0.9745736109657842
52,0.1523903384248712,2.259665012359619,1.0421696901321411,1.2030539512634277,0.681360125541687,0.6314743120226012,0.864915768546615,0.9526001883436225,0.9745736109657842
53,0.15243547172540456,2.2541818618774414,1.028613805770874,1.1945189237594604,0.669934868812561,0.6444490949042586,0.8752746677827771,0.9532280004185414,0.9750967876948833
54,0.1514031489504807,2.2467167377471924,1.0482983589172363,1.1927566528320312,0.6887586712837219,0.6412053991838443,0.8680548289212096,0.9534372711101811,0.9749921523490636
55,0.15072891368201716,2.2312417030334473,1.0265955924987793,1.1846723556518555,0.6692573428153992,0.6609814795437899,0.8700429004917861,0.9534372711101811,0.9749921523490636
56,0.15028894661151948,2.2257370948791504,1.0413405895233154,1.184123158454895,0.6786113381385803,0.6377524327717903,0.8653343099298944,0.9532280004185414,0.9749921523490636
57,0.14965908488824,2.2143726348876953,1.0201064348220825,1.1756314039230347,0.6651858687400818,0.6486345087370514,0.8732865962122005,0.9541697185309197,0.9749921523490636
58,0.14901852105461544,2.2096481323242188,1.0260556936264038,1.175014615058899,0.6744235157966614,0.6422517526420425,0.8774720100449932,0.9542743538767395,0.9750967876948833
59,0.14894926268144035,2.1984548568725586,1.019761323928833,1.1669083833694458,0.665917694568634,0.6505179449618081,0.8753793031285968,0.9540650831851,0.9754106937323428
60,0.1483429093006535,2.197814702987671,1.0378220081329346,1.169819951057434,0.6985557079315186,0.6239405671235744,0.8667992047713717,0.954588259914199,0.9754106937323428
61,0.14750083832450173,2.1840736865997314,1.0076957941055298,1.1555559635162354,0.6537443995475769,0.6742701684629068,0.8756932091660563,0.9553207073349378,0.975829235115622
62,0.14712400419350288,2.1776602268218994,1.030013084411621,1.1660503149032593,0.6852334141731262,0.636810714659412,0.8691011823794078,0.9538558124934603,0.9755153290781626
63,0.14726796299589806,2.1752877235412598,1.0246541500091553,1.1672073602676392,0.6840083003044128,0.6288584283771058,0.8720309720623627,0.9541697185309197,0.9757245997698022
64,0.14599207164117353,2.1614980697631836,1.0110267400741577,1.161055564880371,0.6647087335586548,0.6490530501203307,0.8731819608663807,0.9533326357643612,0.9755153290781626
65,0.14566390698228904,2.155468225479126,1.0067963600158691,1.1544002294540405,0.6589027047157288,0.6671549649471592,0.8771581040075337,0.9538558124934603,0.975306058386523
66,0.14502454882682259,2.148538112640381,1.0073657035827637,1.1539629697799683,0.6626529693603516,0.6539709113738621,0.8768441979700743,0.9541697185309197,0.9755153290781626
67,0.14451301153471222,2.140395402908325,0.9936721324920654,1.1523823738098145,0.6586681604385376,0.6558543475986188,0.8767395626242545,0.9537511771476405,0.9754106937323428
68,0.14409748959674765,2.134239435195923,0.9890329837799072,1.136839509010315,0.6482608318328857,0.6793973004080779,0.8809249764570471,0.9543789892225594,0.975829235115622
69,0.14446273568406034,2.128537893295288,0.9886752963066101,1.1380324363708496,0.6485663056373596,0.6653761640682222,0.8795647169613896,0.9542743538767395,0.9759338704614419
70,0.14385895977788304,2.1245193481445312,0.99311763048172,1.139149785041809,0.6578294634819031,0.658574866589934,0.8767395626242545,0.9544836245683792,0.9762477764989014
71,0.1433133773913431,2.119234561920166,0.996199905872345,1.1485458612442017,0.6686596870422363,0.6480066966621325,0.878204457465732,0.9535419064560008,0.9757245997698022
72,0.1429867378218257,2.114123821258545,0.9859296679496765,1.1365983486175537,0.65438312292099,0.6803390185204562,0.8834362247567228,0.9542743538767395,0.9761431411530815
73,0.14224664014370286,2.107762575149536,0.9809181094169617,1.1287637948989868,0.646403431892395,0.6822224547452129,0.8823898712985246,0.9543789892225594,0.9760385058072617
74,0.14173384728049165,2.0979743003845215,0.9809097051620483,1.1388721466064453,0.6509892344474792,0.6687244951344564,0.876425656586795,0.9535419064560008,0.9756199644239825
75,0.14175436182401666,2.0989928245544434,0.9865292906761169,1.1430646181106567,0.6625277996063232,0.6535523699905829,0.8813435178403265,0.9535419064560008,0.9757245997698022
76,0.14101939429691182,2.0888278484344482,0.9768960475921631,1.1306227445602417,0.6533427238464355,0.6600397614314115,0.8757978445118761,0.9538558124934603,0.9762477764989014
77,0.14062960792462625,2.0850822925567627,0.9827086925506592,1.1261125802993774,0.6489642858505249,0.6668410589096997,0.8697289944543267,0.9534372711101811,0.9762477764989014
78,0.14042998099727416,2.0837113857269287,0.9859516024589539,1.123108148574829,0.6618366241455078,0.652296745840745,0.8783090928115518,0.9539604478392801,0.97698022391964
79,0.13992292237519033,2.0716960430145264,0.9719551205635071,1.1238094568252563,0.6452232599258423,0.6584702312441143,0.8730773255205608,0.9534372711101811,0.9765616825363608
80,0.13975496907065163,2.0655405521392822,0.9607437252998352,1.1142748594284058,0.6282708644866943,0.6841058909699697,0.8823898712985246,0.9536465418018206,0.9766663178821806
81,0.13971813371525474,2.063880443572998,0.9726071953773499,1.1247034072875977,0.6485270857810974,0.6676781416762583,0.8777859160824526,0.9535419064560008,0.97698022391964
82,0.13869105978169252,2.063870668411255,0.9603819847106934,1.1167638301849365,0.6422905921936035,0.6709218373966725,0.8849011195982003,0.9544836245683792,0.9771894946112797
83,0.13887542211890813,2.054348945617676,0.9630536437034607,1.117551326751709,0.6378123164176941,0.6708172020508528,0.8842733075232814,0.9543789892225594,0.9773987653029194
84,0.1381179784883314,2.048724889755249,0.9670512676239014,1.124024510383606,0.6536842584609985,0.6583655958982945,0.8760071152035157,0.9535419064560008,0.9777126713403788
85,0.13766965283942756,2.048306941986084,0.9639458060264587,1.1124112606048584,0.6457456350326538,0.6655854347598619,0.8799832583446688,0.9554253426807575,0.9777126713403788
86,0.13774824246245237,2.036738634109497,0.9418759346008301,1.0998413562774658,0.615985631942749,0.6875588573820236,0.8837501307941823,0.9554253426807575,0.9782358480694778
87,0.1377202807670802,2.034543991088867,0.9477860331535339,1.1086435317993164,0.6329253911972046,0.6762582400334833,0.8842733075232814,0.9547975306058386,0.9781312127236581
88,0.13749663770866039,2.031791925430298,0.9549850821495056,1.10425865650177,0.640749990940094,0.6780370409124202,0.8863660144396778,0.9544836245683792,0.9782358480694778
89,0.13655757129340623,2.023606300354004,0.9444886445999146,1.1066564321517944,0.628571093082428,0.6737469917338077,0.882703777335984,0.9549021659516584,0.9779219420320184
90,0.13680518894868704,2.0185890197753906,0.939177393913269,1.0959469079971313,0.6214681267738342,0.6837919849325103,0.8816574238777859,0.9560531547556764,0.9785497541069373
91,0.13662563914905734,2.018653631210327,0.9435011744499207,1.0998857021331787,0.6274331212043762,0.6790833943706184,0.885633567018939,0.9554253426807575,0.9784451187611175
92,0.13610735574542587,2.012061595916748,0.9355838298797607,1.0966542959213257,0.6191327571868896,0.6976038505807262,0.8835408601025426,0.955739248718217,0.9784451187611175
93,0.13560397007423847,2.0067100524902344,0.9346948862075806,1.101576566696167,0.6264829039573669,0.6744794391545464,0.8807157057654076,0.9554253426807575,0.9786543894527572
94,0.13531545734968944,2.0043210983276367,0.9334352016448975,1.0919405221939087,0.6215124726295471,0.6832688082034111,0.8836454954483625,0.9561577901014963,0.9789682954902166
95,0.13506462050611107,1.999170184135437,0.9270835518836975,1.093551754951477,0.6196866631507874,0.6861985978863661,0.8857382023647589,0.9546928952600189,0.9788636601443967
96,0.13489021025412712,2.000382423400879,0.9432182312011719,1.1000299453735352,0.641592800617218,0.668410589096997,0.8846918489065606,0.9556346133723972,0.9787590247985769
97,0.13441946461277815,1.9926661252975464,0.9368634819984436,1.0933843851089478,0.6274001002311707,0.6774092288375013,0.8812388824945067,0.9553207073349378,0.9790729308360364
98,0.13424137203180375,1.9869794845581055,0.9235060811042786,1.0845494270324707,0.6168316006660461,0.6917442712148164,0.8846918489065606,0.9555299780265774,0.9791775661818563
99,0.13362038070660326,1.984147548675537,0.9175502061843872,1.0918550491333008,0.6045920252799988,0.7011614523385999,0.890237522235011,0.9547975306058386,0.9787590247985769
100,0.13390436218078458,1.9803332090377808,0.9172474145889282,1.0875869989395142,0.6104758977890015,0.694883331589411,0.8876216385895156,0.9561577901014963,0.9790729308360364
