epoch,lr,train_mse,train_ade,val_mse,val_ade,acc@2,acc@5,acc@10
1,0.01000000,917.164268,36.884592,176.300718,16.780489,1.227679,6.138393,22.358631
2,0.01000000,100.244133,11.123616,29.823552,5.225213,39.415923,65.066964,82.496280
3,0.01000000,14.833086,3.096516,5.651736,1.819823,80.803571,92.001488,97.488839
4,0.01000000,5.462945,1.711783,2.977758,1.431191,90.997024,96.372768,99.218750
5,0.01000000,2.866982,1.084226,1.378926,0.963525,95.572917,98.325893,99.665179
6,0.01000000,1.609056,0.909935,0.756353,0.680916,97.042411,99.051339,99.776786
7,0.01000000,1.191486,0.906320,0.600138,0.666114,97.656250,99.218750,99.776786
8,0.01000000,0.851702,0.806605,0.556915,0.811684,97.879464,99.609375,99.832589
9,0.01000000,0.708502,0.820444,0.278526,0.450900,98.604911,99.776786,99.888393
10,0.01000000,0.420916,0.603608,0.372221,0.682377,97.600446,99.832589,100.000000
11,0.01000000,0.401815,0.652263,0.320842,0.678310,98.939732,99.832589,100.000000
12,0.01000000,0.331277,0.609669,0.246013,0.569513,98.828125,99.832589,100.000000
13,0.01000000,0.240778,0.517812,0.276743,0.645829,99.497768,100.000000,100.000000
14,0.01000000,0.452253,0.785596,0.240487,0.629837,99.330357,100.000000,100.000000
15,0.01000000,0.238938,0.552558,0.382490,0.833059,99.553571,100.000000,100.000000
16,0.01000000,0.322197,0.595734,0.334344,0.697049,98.772321,99.832589,100.000000
17,0.01000000,0.300960,0.612808,0.321113,0.750737,99.441964,100.000000,100.000000
18,0.01000000,0.222535,0.534112,0.139621,0.410605,99.218750,100.000000,100.000000
19,0.01000000,0.178844,0.489998,0.129974,0.471900,99.776786,100.000000,100.000000
20,0.01000000,0.231361,0.554899,0.101643,0.358941,99.497768,100.000000,100.000000
21,0.01000000,0.175307,0.477853,0.104598,0.402325,99.720982,100.000000,100.000000
22,0.01000000,0.156603,0.466521,0.109747,0.383400,99.665179,100.000000,100.000000
23,0.01000000,0.258888,0.636039,0.229461,0.644788,99.888393,100.000000,100.000000
24,0.01000000,0.277936,0.645941,0.542621,0.985937,99.218750,100.000000,100.000000
25,0.01000000,0.214414,0.561138,0.246506,0.636542,99.553571,100.000000,100.000000
26,0.01000000,0.254523,0.594907,0.344640,0.784538,99.888393,100.000000,100.000000
27,0.01000000,0.214834,0.566266,0.353436,0.804737,99.832589,100.000000,100.000000
28,0.01000000,0.199021,0.553159,0.178330,0.566485,99.888393,100.000000,100.000000
29,0.00500000,0.208444,0.562554,0.300758,0.663807,98.660714,100.000000,100.000000
30,0.00500000,0.094109,0.358595,0.043174,0.232525,99.944196,100.000000,100.000000
31,0.00500000,0.049971,0.248803,0.044582,0.257267,99.944196,100.000000,100.000000
32,0.00500000,0.066630,0.300420,0.123126,0.458221,99.888393,100.000000,100.000000
33,0.00500000,0.075369,0.309964,0.053752,0.249329,99.888393,100.000000,100.000000
34,0.00500000,0.078382,0.329775,0.042201,0.234811,99.944196,100.000000,100.000000
35,0.00500000,0.043119,0.246750,0.059493,0.306281,99.944196,100.000000,100.000000
36,0.00500000,0.077912,0.339945,0.032959,0.215695,100.000000,100.000000,100.000000
37,0.00500000,0.064951,0.304386,0.038847,0.222632,100.000000,100.000000,100.000000
38,0.00500000,0.106903,0.404381,0.133969,0.489693,99.944196,100.000000,100.000000
39,0.00500000,0.066909,0.318636,0.100244,0.411914,100.000000,100.000000,100.000000
40,0.00500000,0.054022,0.279805,0.042381,0.245745,99.832589,100.000000,100.000000
41,0.00500000,0.062987,0.296142,0.072490,0.356653,100.000000,100.000000,100.000000
42,0.00500000,0.065317,0.322018,0.077979,0.361490,100.000000,100.000000,100.000000
43,0.00500000,0.073029,0.309220,0.219832,0.626748,99.832589,100.000000,100.000000
44,0.00500000,0.097672,0.382832,0.031179,0.213002,100.000000,100.000000,100.000000
45,0.00500000,0.041872,0.245790,0.047531,0.273078,100.000000,100.000000,100.000000
46,0.00500000,0.069347,0.311132,0.043611,0.242469,100.000000,100.000000,100.000000
47,0.00500000,0.062075,0.304088,0.049416,0.283873,100.000000,100.000000,100.000000
48,0.00500000,0.091102,0.378624,0.125988,0.481381,100.000000,100.000000,100.000000
49,0.00500000,0.070973,0.322885,0.054133,0.296561,100.000000,100.000000,100.000000
50,0.00500000,0.055183,0.269088,0.020783,0.163655,100.000000,100.000000,100.000000
51,0.00500000,0.096458,0.360470,0.043065,0.258553,100.000000,100.000000,100.000000
52,0.00500000,0.055126,0.286076,0.055856,0.297232,100.000000,100.000000,100.000000
53,0.00500000,0.045809,0.253720,0.056820,0.313703,100.000000,100.000000,100.000000
54,0.00500000,0.151748,0.418255,0.083008,0.356017,99.720982,100.000000,100.000000
55,0.00500000,0.079119,0.325134,0.040976,0.243271,99.944196,100.000000,100.000000
56,0.00500000,0.051372,0.276607,0.138955,0.490117,99.944196,100.000000,100.000000
57,0.00500000,0.070140,0.323743,0.128517,0.484594,100.000000,100.000000,100.000000
58,0.00500000,0.049146,0.266676,0.059077,0.276128,100.000000,100.000000,100.000000
59,0.00250000,0.047608,0.254943,0.053144,0.298968,100.000000,100.000000,100.000000
60,0.00250000,0.028595,0.195677,0.020043,0.163177,100.000000,100.000000,100.000000
61,0.00250000,0.029380,0.186066,0.023673,0.167090,100.000000,100.000000,100.000000
62,0.00250000,0.025315,0.180954,0.023323,0.180629,100.000000,100.000000,100.000000
63,0.00250000,0.037101,0.218421,0.040872,0.256332,100.000000,100.000000,100.000000
64,0.00250000,0.024968,0.186632,0.053344,0.303072,100.000000,100.000000,100.000000
65,0.00250000,0.035583,0.206717,0.018847,0.151116,100.000000,100.000000,100.000000
66,0.00250000,0.024087,0.179433,0.034450,0.229285,100.000000,100.000000,100.000000
67,0.00250000,0.032642,0.215140,0.030288,0.208690,100.000000,100.000000,100.000000
68,0.00250000,0.027022,0.192624,0.018386,0.153191,100.000000,100.000000,100.000000
69,0.00250000,0.026148,0.189503,0.025616,0.200687,100.000000,100.000000,100.000000
70,0.00250000,0.032366,0.209037,0.017919,0.136472,100.000000,100.000000,100.000000
71,0.00250000,0.029841,0.196963,0.024580,0.176077,100.000000,100.000000,100.000000
72,0.00250000,0.029842,0.201234,0.015782,0.134729,100.000000,100.000000,100.000000
73,0.00250000,0.032874,0.218753,0.029919,0.215511,100.000000,100.000000,100.000000
74,0.00250000,0.027419,0.191405,0.035448,0.239736,100.000000,100.000000,100.000000
75,0.00250000,0.020979,0.166899,0.017207,0.138387,100.000000,100.000000,100.000000
76,0.00250000,0.023301,0.176980,0.013460,0.121199,100.000000,100.000000,100.000000
77,0.00250000,0.030167,0.204321,0.032793,0.228745,100.000000,100.000000,100.000000
78,0.00250000,0.029970,0.202705,0.021809,0.165103,100.000000,100.000000,100.000000
79,0.00250000,0.024366,0.178738,0.020882,0.174623,100.000000,100.000000,100.000000
80,0.00250000,0.021843,0.170396,0.050803,0.295972,100.000000,100.000000,100.000000
81,0.00250000,0.030738,0.208239,0.020868,0.154182,100.000000,100.000000,100.000000
82,0.00250000,0.028563,0.197150,0.026345,0.198513,100.000000,100.000000,100.000000
83,0.00250000,0.029821,0.204041,0.065963,0.338926,100.000000,100.000000,100.000000
84,0.00250000,0.024104,0.178852,0.012776,0.111475,100.000000,100.000000,100.000000
85,0.00250000,0.024899,0.186188,0.018505,0.157302,100.000000,100.000000,100.000000
86,0.00250000,0.023310,0.176380,0.027324,0.194848,100.000000,100.000000,100.000000
87,0.00250000,0.026555,0.186679,0.055022,0.306974,100.000000,100.000000,100.000000
88,0.00250000,0.028165,0.196776,0.023191,0.184642,100.000000,100.000000,100.000000
89,0.00250000,0.023458,0.176404,0.029536,0.213570,100.000000,100.000000,100.000000
90,0.00250000,0.033949,0.224373,0.062663,0.331248,100.000000,100.000000,100.000000
91,0.00250000,0.025804,0.189834,0.022324,0.182192,100.000000,100.000000,100.000000
92,0.00250000,0.019796,0.159216,0.018235,0.154662,100.000000,100.000000,100.000000
93,0.00125000,0.023953,0.178310,0.014908,0.135766,100.000000,100.000000,100.000000
94,0.00125000,0.015149,0.129203,0.012030,0.110477,100.000000,100.000000,100.000000
95,0.00125000,0.015989,0.136142,0.013251,0.118262,100.000000,100.000000,100.000000
96,0.00125000,0.014373,0.123955,0.013862,0.123128,100.000000,100.000000,100.000000
97,0.00125000,0.014318,0.126566,0.015043,0.135231,100.000000,100.000000,100.000000
98,0.00125000,0.015316,0.134587,0.014113,0.124012,100.000000,100.000000,100.000000
99,0.00125000,0.016771,0.139585,0.013818,0.129393,100.000000,100.000000,100.000000
100,0.00125000,0.014526,0.128411,0.011699,0.107491,100.000000,100.000000,100.000000
